{
 "0001_S6_GRBG_010": {
  "y_psnr": 45.86524522066981,
  "noisy": {
   "cb": 38.179135548893264,
   "cr": 39.380164262978525
  },
  "A": {
   "cb": 50.41309472739969,
   "cr": 51.46072279484137,
   "dt_chroma": 4.223109006881714,
   "srgb_psnr": 43.705016884685016,
   "lpips": 0.07981931172547078,
   "dists": 0.13594549760615635,
   "niqe": 8.891722767795846
  },
  "B": {
   "cb": 48.99732267793902,
   "cr": 50.520201796654774,
   "dt_full": 15.957598447799683,
   "srgb_psnr": 43.20037396604167,
   "lpips": 0.08893532484971794,
   "dists": 0.14488194226396373,
   "niqe": 8.968759389404777
  }
 },
 "0001_S6_GRBG_011": {
  "y_psnr": 45.69592900930851,
  "noisy": {
   "cb": 38.17477967135947,
   "cr": 39.37766870956323
  },
  "A": {
   "cb": 50.22112420831807,
   "cr": 51.39663957826186,
   "dt_chroma": 4.209089040756226,
   "srgb_psnr": 43.45801973210777,
   "lpips": 0.08059760966612652,
   "dists": 0.1373878934938152,
   "niqe": 8.865122553510377
  },
  "B": {
   "cb": 48.86883582405997,
   "cr": 50.45893698393654,
   "dt_full": 16.004818201065063,
   "srgb_psnr": 42.98251485666485,
   "lpips": 0.08959540967046954,
   "dists": 0.14611585779827158,
   "niqe": 8.99671529138957
  }
 },
 "0010_S6_GRBG_010": {
  "y_psnr": 38.40590975180077,
  "noisy": {
   "cb": 30.460459705047356,
   "cr": 32.02823915501453
  },
  "A": {
   "cb": 42.814215809919006,
   "cr": 43.43874109249843,
   "dt_chroma": 4.091001272201538,
   "srgb_psnr": 36.388651614859356,
   "lpips": 0.16016346471844775,
   "dists": 0.18131385981219486,
   "niqe": 8.378661689669954
  },
  "B": {
   "cb": 41.43663495544975,
   "cr": 42.52115419980776,
   "dt_full": 16.007323741912842,
   "srgb_psnr": 35.806421931011265,
   "lpips": 0.1948058749313765,
   "dists": 0.19166750658909387,
   "niqe": 8.556020972081532
  }
 },
 "0010_S6_GRBG_011": {
  "y_psnr": 38.74323168557157,
  "noisy": {
   "cb": 30.44940406807747,
   "cr": 32.0500119327642
  },
  "A": {
   "cb": 42.86189807780722,
   "cr": 43.53868244301874,
   "dt_chroma": 4.088671922683716,
   "srgb_psnr": 36.60784504860635,
   "lpips": 0.15828126398516687,
   "dists": 0.18171672315237947,
   "niqe": 8.333278522609163
  },
  "B": {
   "cb": 41.47880293406391,
   "cr": 42.59146958925761,
   "dt_full": 15.965433597564697,
   "srgb_psnr": 35.99769605340248,
   "lpips": 0.1929886848787139,
   "dists": 0.19251654133168383,
   "niqe": 8.493808232557036
  }
 },
 "0015_S6_GRBG_010": {
  "y_psnr": 31.25489915203852,
  "noisy": {
   "cb": 24.420248080316593,
   "cr": 23.18394015280059
  },
  "A": {
   "cb": 36.95776169008863,
   "cr": 37.96911824055427,
   "dt_chroma": 4.086278915405273,
   "srgb_psnr": 30.10155068254363,
   "lpips": 0.3955556941934901,
   "dists": 0.2494255664827975,
   "niqe": 7.902325029585285
  },
  "B": {
   "cb": 36.35008729930724,
   "cr": 35.41917867469556,
   "dt_full": 15.963629961013794,
   "srgb_psnr": 29.38154780033262,
   "lpips": 0.4245454382196691,
   "dists": 0.2821985592636791,
   "niqe": 7.789375313310067
  }
 },
 "0015_S6_GRBG_011": {
  "y_psnr": 31.49750483414433,
  "noisy": {
   "cb": 24.425583070595543,
   "cr": 23.1855003539085
  },
  "A": {
   "cb": 36.9598592248664,
   "cr": 37.85014292119401,
   "dt_chroma": 4.0887672901153564,
   "srgb_psnr": 30.21779237266912,
   "lpips": 0.39620461664885903,
   "dists": 0.2514830456463045,
   "niqe": 7.907520326917
  },
  "B": {
   "cb": 36.3730161528924,
   "cr": 35.40215462559088,
   "dt_full": 15.906741619110107,
   "srgb_psnr": 29.485378071478575,
   "lpips": 0.42400082677249135,
   "dists": 0.28294234734028473,
   "niqe": 7.808842168295521
  }
 },
 "0020_GP_BGGR_010": {
  "y_psnr": 38.64117537752784,
  "noisy": {
   "cb": 39.6797551232783,
   "cr": 37.237096894043034
  },
  "A": {
   "cb": 46.00206341278792,
   "cr": 44.297275184454094,
   "dt_chroma": 3.158522367477417,
   "srgb_psnr": 36.7931462988921,
   "lpips": 0.18151958066750243,
   "dists": 0.1544621055834367,
   "niqe": 7.727906115352027
  },
  "B": {
   "cb": 46.59879972303749,
   "cr": 44.57981609408492,
   "dt_full": 12.47260332107544,
   "srgb_psnr": 36.75975508781362,
   "lpips": 0.19257597387613923,
   "dists": 0.16308992789789095,
   "niqe": 7.829517821837549
  }
 },
 "0020_GP_BGGR_011": {
  "y_psnr": 38.71403013781635,
  "noisy": {
   "cb": 39.70305803127954,
   "cr": 37.31048489348459
  },
  "A": {
   "cb": 46.02693278721725,
   "cr": 44.610806312305314,
   "dt_chroma": 3.187075614929199,
   "srgb_psnr": 36.871832861937705,
   "lpips": 0.18966910535029,
   "dists": 0.15452414685998783,
   "niqe": 7.6932234431888125
  },
  "B": {
   "cb": 46.63384529994283,
   "cr": 44.90165645370968,
   "dt_full": 12.36673641204834,
   "srgb_psnr": 36.82965133470941,
   "lpips": 0.20142982129501397,
   "dists": 0.16331753489309275,
   "niqe": 7.784912203897658
  }
 },
 "0023_N6_BGGR_010": {
  "y_psnr": 41.95237658002586,
  "noisy": {
   "cb": 34.9462047568164,
   "cr": 34.052088630841695
  },
  "A": {
   "cb": 45.82286683839952,
   "cr": 45.897241340416755,
   "dt_chroma": 3.3659634590148926,
   "srgb_psnr": 39.55082827518276,
   "lpips": 0.10990035929038887,
   "dists": 0.15945644834789371,
   "niqe": 9.389043947215683
  },
  "B": {
   "cb": 45.41998764971546,
   "cr": 44.999351176080836,
   "dt_full": 13.127063512802124,
   "srgb_psnr": 39.11368297158069,
   "lpips": 0.12415205596962306,
   "dists": 0.16499675302448244,
   "niqe": 9.619174213099676
  }
 },
 "0023_N6_BGGR_011": {
  "y_psnr": 41.15224699728549,
  "noisy": {
   "cb": 34.92296202873773,
   "cr": 34.04388095590668
  },
  "A": {
   "cb": 45.70149060087144,
   "cr": 45.91516140321015,
   "dt_chroma": 3.358142614364624,
   "srgb_psnr": 38.840887054139564,
   "lpips": 0.11024762486901991,
   "dists": 0.161408853524059,
   "niqe": 9.3277046323291
  },
  "B": {
   "cb": 45.292930799830216,
   "cr": 44.98156711280069,
   "dt_full": 13.118344783782959,
   "srgb_psnr": 38.448628142051845,
   "lpips": 0.12492071233963478,
   "dists": 0.1665799686249708,
   "niqe": 9.543527626327213
  }
 },
 "0036_GP_BGGR_010": {
  "y_psnr": 32.49603518566525,
  "noisy": {
   "cb": 26.969783525392728,
   "cr": 26.974687339598585
  },
  "A": {
   "cb": 37.75128703208927,
   "cr": 37.36239720475854,
   "dt_chroma": 3.2007875442504883,
   "srgb_psnr": 30.33048329075896,
   "lpips": 0.35051911640561007,
   "dists": 0.24634776721949328,
   "niqe": 5.197248196409139
  },
  "B": {
   "cb": 36.80009310638376,
   "cr": 37.21735784202886,
   "dt_full": 12.495864152908325,
   "srgb_psnr": 29.957704644740616,
   "lpips": 0.3845957659978091,
   "dists": 0.247984001345739,
   "niqe": 5.271449771682444
  }
 },
 "0036_GP_BGGR_011": {
  "y_psnr": 32.59507136108587,
  "noisy": {
   "cb": 26.96163535374165,
   "cr": 26.97664772995928
  },
  "A": {
   "cb": 37.7033185532855,
   "cr": 37.362646623634596,
   "dt_chroma": 3.1662864685058594,
   "srgb_psnr": 30.383513754702065,
   "lpips": 0.3482885863765933,
   "dists": 0.24450159499835103,
   "niqe": 5.260209154329935
  },
  "B": {
   "cb": 36.75707434730688,
   "cr": 37.21675744829212,
   "dt_full": 12.423780918121338,
   "srgb_psnr": 30.004275184442484,
   "lpips": 0.38386403028227273,
   "dists": 0.24647843416541823,
   "niqe": 5.325040396200313
  }
 },
 "0042_IP_RGGB_010": {
  "y_psnr": 39.69907521406933,
  "noisy": {
   "cb": 36.18705767079101,
   "cr": 33.179802425293936
  },
  "A": {
   "cb": 44.436803749240156,
   "cr": 42.16848792059882,
   "dt_chroma": 3.2824952602386475,
   "srgb_psnr": 37.46349630854021,
   "lpips": 0.2598542207473878,
   "dists": 0.24334193290100106,
   "niqe": 5.602777182516635
  },
  "B": {
   "cb": 45.11067964886863,
   "cr": 42.773107538242144,
   "dt_full": 12.322744131088257,
   "srgb_psnr": 37.56918371724844,
   "lpips": 0.26479790172674506,
   "dists": 0.23599176806648905,
   "niqe": 5.698854821748868
  }
 },
 "0042_IP_RGGB_011": {
  "y_psnr": 39.71143886795821,
  "noisy": {
   "cb": 36.17771981434875,
   "cr": 33.184242369631
  },
  "A": {
   "cb": 44.422026690286415,
   "cr": 42.16385538693493,