{
 "0001_S6_GRBG_010": {
  "y_psnr": 45.52028738892862,
  "cb": 49.90312701191207,
  "cr": 50.83219584274662,
  "noisy_cb": 38.00528467758123,
  "noisy_cr": 39.41516157056503,
  "dt": 8.068972110748291,
  "rig_A_cb": 50.485048381344654,
  "rig_A_cr": 51.60504047775138,
  "d_cb": -0.5819213694325853,
  "d_cr": -0.7728446350047591
 },
 "0001_S6_GRBG_011": {
  "y_psnr": 45.31966324360444,
  "cb": 49.75885058626496,
  "cr": 50.80370750749765,
  "noisy_cb": 38.00287182436522,
  "noisy_cr": 39.412822743798316,
  "dt": 7.8458571434021,
  "rig_A_cb": 50.31271190539631,
  "rig_A_cr": 51.566117311674546,
  "d_cb": -0.5538613191313502,
  "d_cr": -0.7624098041768974
 },
 "0010_S6_GRBG_010": {
  "y_psnr": 38.1916958163231,
  "cb": 42.76298512519216,
  "cr": 43.77451082267906,
  "noisy_cb": 30.27005947364443,
  "noisy_cr": 32.09326051016262,
  "dt": 7.695715665817261,
  "rig_A_cb": 42.862860977536066,
  "rig_A_cr": 43.90708348136498,
  "d_cb": -0.0998758523439065,
  "d_cr": -0.13257265868591617
 }
}