{
 "0001_S6_GRBG_010": {
  "y_psnr": 45.73492979228633,
  "cb": 50.48560400909003,
  "cr": 51.60512523974356,
  "noisy_cb": 38.00528467758123,
  "noisy_cr": 39.41516157056503,
  "dt": 7.732183218002319,
  "rig_A_cb": 50.485048381344654,
  "rig_A_cr": 51.60504047775138,
  "d_cb": 0.0005556277453777625,
  "d_cr": 8.4761992177107e-05
 },
 "0001_S6_GRBG_011": {
  "y_psnr": 45.50683177269525,
  "cb": 50.312614672775446,
  "cr": 51.56604390547972,
  "noisy_cb": 38.00287182436522,
  "noisy_cr": 39.412822743798316,
  "dt": 7.8101348876953125,
  "rig_A_cb": 50.31271190539631,
  "rig_A_cr": 51.566117311674546,
  "d_cb": -9.723262086680506e-05,
  "d_cr": -7.340619482931743e-05
 }
}