{
 "0001_S6_GRBG_010": {
  "y_psnr": 45.52028738892862,
  "cb": 50.00086613464846,
  "cr": 51.1058016507448,
  "noisy_cb": 39.20127066860566,
  "noisy_cr": 40.15344672075156,
  "dt": 8.109554290771484
 },
 "0001_S6_GRBG_011": {
  "y_psnr": 45.31966324360444,
  "cb": 49.85367361813453,
  "cr": 51.07738134221594,
  "noisy_cb": 39.19449276853937,
  "noisy_cr": 40.14992761905664,
  "dt": 7.861649513244629
 },
 "0010_S6_GRBG_010": {
  "y_psnr": 38.1916958163231,
  "cb": 42.837222455593356,
  "cr": 43.70900205177277,
  "noisy_cb": 31.47516456632308,
  "noisy_cr": 32.817881016622714,
  "dt": 7.736052751541138
 }
}