{
 "0001_S6_GRBG_010": {
  "y_psnr": 45.67807843438952,
  "cb": 50.56988473373007,
  "cr": 51.65375049403,
  "noisy_cb": 38.00528467758123,
  "noisy_cr": 39.41516157056503,
  "dt": 2.0549533367156982,
  "rig_A_cb": 50.485048381344654,
  "rig_A_cr": 51.60504047775138,
  "d_cb": 0.08483635238541609,
  "d_cr": 0.04871001627861915
 },
 "0001_S6_GRBG_011": {
  "y_psnr": 45.44902848186069,
  "cb": 50.39037238759689,
  "cr": 51.615265895471545,
  "noisy_cb": 38.00287182436522,
  "noisy_cr": 39.412822743798316,
  "dt": 2.089592695236206,
  "rig_A_cb": 50.31271190539631,
  "rig_A_cr": 51.566117311674546,
  "d_cb": 0.07766048220057797,
  "d_cr": 0.049148583796998935
 }
}