{
 "0001_S6_GRBG_010": {
  "y_psnr": 45.63558307715739,
  "cb": 50.56924779799819,
  "cr": 51.65148082242115,
  "noisy_cb": 38.00528467758123,
  "noisy_cr": 39.41516157056503,
  "dt": 3.8427772521972656,
  "rig_A_cb": 50.485048381344654,
  "rig_A_cr": 51.60504047775138,
  "d_cb": 0.08419941665353292,
  "d_cr": 0.04644034466976876
 },
 "0001_S6_GRBG_011": {
  "y_psnr": 45.44889316734297,
  "cb": 50.387976437768245,
  "cr": 51.61216387381542,
  "noisy_cb": 38.00287182436522,
  "noisy_cr": 39.412822743798316,
  "dt": 3.1792445182800293,
  "rig_A_cb": 50.31271190539631,
  "rig_A_cr": 51.566117311674546,
  "d_cb": 0.07526453237193209,
  "d_cr": 0.04604656214087299
 }
}