{
 "0001_S6_GRBG_010": {
  "y_psnr": 45.52028738892862,
  "cb": 49.98757125406718,
  "cr": 50.993049839851466,
  "noisy_cb": 38.57728896679388,
  "noisy_cr": 39.798318984246066,
  "dt": 7.989295244216919
 },
 "0001_S6_GRBG_011": {
  "y_psnr": 45.31966324360444,
  "cb": 49.857045571661736,
  "cr": 50.97173060746617,
  "noisy_cb": 38.572764982073636,
  "noisy_cr": 39.79578279336213,
  "dt": 7.914013862609863
 },
 "0010_S6_GRBG_010": {
  "y_psnr": 38.1916958163231,
  "cb": 42.81651179897419,
  "cr": 43.55752340411209,
  "noisy_cb": 30.84468872255435,
  "noisy_cr": 32.45477235108428,
  "dt": 7.802007436752319
 }
}